{"cameraMode":{"drawMode":0,"name":"Shaded","section":"Shading Mode"},"sceneLighting":false,"audioPlay":false,"sceneViewState":{"m_AlwaysRefresh":false,"showFog":true,"showSkybox":false,"showFlares":true,"showImageEffects":true,"showParticleSystems":true,"showVisualEffectGraphs":true,"m_FxEnabled":false},"in2DMode":false,"pivot":{"x":10.482924461364746,"y":12.734591484069825,"z":-16.44670867919922},"rotation":{"x":-0.0014502780977636576,"y":0.9979236721992493,"z":-0.024263959378004075,"w":-0.059646040201187137},"size":54.652313232421878,"orthographic":false}